"first name","last name","event id","address","zipcode","email","phone","entry date","reason for contact"
"oil","boil","987654321","101 Gravity Forms","97111","oil@boil.oil","101-0101-0101","2020-5-30","bugs"
"oyl","boyl","098765432","202 Gravity Forms","97112","oil@boil.oil","101-0101-0102","2020-5-30","bugs"
"eel","beel","777777777","303 Gravity Forms","97113","oil@boil.oil","101-0101-0103","2020-5-30","bugs"
"ool","bool","012345678","404 Gravity Forms","97114","oil@boil.oil","101-0101-0104","2020-5-30","bugs"
"isle","bile","123456789","505 Gravity Forms","97115","oil@boil.oil","101-0101-0105","2020-5-30","bugs"
"tim","time","333333333","106 Gravity Forms","97116","oil@boil.oil","101-0101-0106","2020-5-30","bugs"
"jon","john","444444444","207 Gravity Forms","97117","oil@boil.oil","101-0101-0107","2020-5-30","bugs"
"el","smell","555555555","308 Gravity Forms","97118","oil@boil.oil","101-0101-0107","2020-5-30","bugs"
"the","arm","222222222","409 Gravity Forms","97119","oil@boil.oil","101-0101-0109","2020-5-30","bugs"
"kid","lid","111111111","500 Gravity Forms","97110","oil@boil.oil","101-0101-0100","2020-5-30","bugs"
